Frequency,MTF,NPS,NPSFit,DQE
0,1,2,1,
0.020496,0.975,0.099065,0.107243,
0.030744,0.96,0.108132,0.10503,
0.049622,0.955,0.097266,0.100314,
0.200108,0.92,0.097443,0.098084,
